Radius,Temperature
11.762225961,2.3187772926
36.5820331426,3.0087336245
70.4024223919,4.1222707424
126.9240510651,4.4890829694
